first_word	is_claude	is_wild	total_emit_count	total_emit_HP-D	total_emit_HP-S	total_emit_LP	total_emit_NP	total_emit_HN-D	total_emit_HN-S	total_emit_LN	total_emit_NB	total_emit_HB	gemma_emit_count	qwen_emit_count	ministral_emit_count	gpt_oss_20b_emit_count	granite_emit_count	wild_emit_count	wild_providers
(	False	False	55	16	5	11	13	0	0	2	7	1	0	0	0	0	55	0	
((((;В°РҙВ°))))	True	False	3	0	0	0	0	0	3	0	0	0	0	0	0	0	0	0	
(((;В°РҙВ°)))	True	False	11	0	0	0	0	0	11	0	0	0	0	0	0	0	0	0	
(((;к’ӘРҙк’Ә)))	True	False	2	0	0	0	0	0	2	0	0	0	0	0	0	0	0	0	
(((o(*В°в–ҪВ°*)o)))	True	False	3	0	3	0	0	0	0	0	0	0	0	0	0	0	0	0	
(((o(*пҫҹв–Ҫпҫҹ	True	False	5	0	5	0	0	0	0	0	0	0	0	0	0	0	0	0	
(((o(В°в–ҪВ°)o)))	True	False	2	0	2	0	0	0	0	0	0	0	0	0	0	0	0	0	
()	False	False	14	0	1	0	0	5	6	1	1	0	0	0	14	0	0	0	
(-вҖёвҖ“)	False	False	2	0	0	0	0	0	1	1	0	0	1	0	0	0	0	0	
(._.)	False	False	1	0	0	0	0	0	0	1	0	0	0	1	0	0	0	0	
(/вү§в–ҪвүҰ)	False	False	1	0	0	1	0	0	0	0	0	0	0	0	0	0	1	0	
(;'Пү';)	False	False	1	0	0	0	0	0	1	0	0	0	0	1	0	0	0	0	
(;;)	False	False	6	0	0	0	0	0	0	6	0	0	0	6	0	0	0	0	
(;;_;;)	False	False	2	0	0	0	0	0	2	0	0	0	0	2	0	0	0	0	
(;_;)	False	False	4	0	0	0	0	1	1	2	0	0	0	4	0	0	0	0	
(;`пҫүПүпҫүВҙ)	False	False	1	0	0	1	0	0	0	0	0	0	0	0	0	0	1	0	
(;ВҙРҙ`)	True	False	43	0	0	0	0	4	8	27	0	4	0	41	0	0	0	0	
(;ВҙајҺаә¶РҙајҺаә¶`)	False	False	12	0	0	0	0	0	5	7	0	0	0	12	0	0	0	0	
(;ВҙвҲҖ`)	False	False	2	0	0	0	0	0	0	2	0	0	0	2	0	0	0	0	
(;Вҙв–Ҫ`A)	False	False	1	0	0	0	1	0	0	0	0	0	0	1	0	0	0	0	
(;Вҙгғ®`)	True	False	1	0	0	0	0	0	0	1	0	0	0	0	0	0	0	0	
(;Вҙк’і`)	False	False	1	0	0	0	0	0	0	1	0	0	0	1	0	0	0	0	
(;Пү;)	False	False	47	0	2	0	1	0	7	37	0	0	0	47	0	0	0	0	
(;Рҙ;)	False	False	1	0	0	0	0	0	1	0	0	0	0	1	0	0	0	0	
(;вҖІвҢ’`)	False	False	23	0	0	0	0	4	14	5	0	0	0	23	0	0	0	0	
(;вҒҺ_вҒҺ)	False	False	1	0	0	0	0	0	1	0	0	0	0	1	0	0	0	0	
(;в•№вҢ“в•№)	True	False	1	0	0	0	0	0	0	1	0	0	0	0	0	0	0	0	
(;гҒё:)	False	False	1	0	1	0	0	0	0	0	0	0	0	1	0	0	0	0	
(;гӮҡРҙгӮҡ)	True	False	1	0	0	0	0	0	1	0	0	0	0	0	0	0	0	0	
(;гӮңв–ЎгӮң)	True	False	1	0	0	0	0	0	0	0	0	1	0	0	0	0	0	0	
(;гғ»`Oгғ»Вҙ)	False	False	1	0	0	0	0	0	1	0	0	0	0	1	0	0	0	0	
(;гғ»вҲҖгғ»)	True	False	2	0	0	0	0	1	1	0	0	0	0	0	0	0	0	0	
(;дёҖ_дёҖ)	False	False	2	0	0	0	0	0	1	1	0	0	0	2	0	0	0	0	
(;п№Ҹ;)	False	False	1	0	0	0	0	0	1	0	0	0	0	1	0	0	0	0	
(;пҫҹРҙпҫҹ)	True	False	1	0	0	0	0	0	1	0	0	0	0	0	0	0	0	0	
(=^-^=)	False	False	10	2	0	2	0	0	1	2	1	2	0	0	0	10	0	0	
(=^-Пү-^=)	False	False	34	5	4	3	3	3	4	3	6	3	0	0	0	34	0	0	
(=^-Пү^-=)	False	False	3	1	0	1	0	0	0	0	1	0	0	0	0	3	0	0	
(=^_^=)	False	False	2	0	0	1	0	0	0	1	0	0	0	0	0	0	2	0	
(=^гғ»^=)	False	False	1	0	0	1	0	0	0	0	0	0	0	0	0	1	0	0	
(=^гғ»Пүгғ»^=)	False	False	27	4	0	13	2	1	0	1	5	1	0	17	0	10	0	0	
(=^гғ»пҪӘгғ»^=)	False	False	1	0	0	0	0	0	0	0	0	1	0	0	0	1	0	0	
(=вҶҖПүвҶҖ=)	False	False	1	0	0	1	0	0	0	0	0	0	0	1	0	0	0	0	
(>^_^)	False	False	1	0	0	1	0	0	0	0	0	0	0	0	0	0	1	0	
(>_<)	True	False	54	0	0	2	5	7	33	2	0	5	0	47	0	5	1	0	
(>_<;)	True	False	14	0	0	0	1	0	13	0	0	0	0	13	0	0	0	0	
(>Пү<)	False	False	1	0	0	0	1	0	0	0	0	0	0	1	0	0	0	0	
(>Пү<*	False	False	1	0	1	0	0	0	0	0	0	0	0	1	0	0	0	0	
(>вҖҝв— )	False	False	3	0	0	0	0	0	2	1	0	0	0	0	0	3	0	0	
(>вҖҝв— )вҖҝвӯҗ	False	False	1	0	0	0	1	0	0	0	0	0	0	0	0	0	1	0	
(>вҖҝв—јпёөв—ј<)	False	False	1	0	0	1	0	0	0	0	0	0	0	0	0	0	1	0	
(>вҲҖ<вҳҶ)	True	False	12	0	10	0	2	0	0	0	0	0	0	0	0	0	0	0	
(>в–Ҫ<)	False	False	1	1	0	0	0	0	0	0	0	0	0	1	0	0	0	0	
(>п№Ҹ<)	True	False	30	0	1	0	1	4	16	7	0	1	0	16	0	0	8	0	
(>п№Ҹ<пҪЎ)	False	False	6	0	0	0	0	0	6	0	0	0	0	6	0	0	0	0	
(O.O)	False	False	2	0	0	0	0	0	0	0	0	2	0	0	0	0	2	0	
(OO;ОҪ)	False	False	1	1	0	0	0	0	0	0	0	0	0	1	0	0	0	0	
(O_O)	False	False	8	0	0	0	0	0	1	0	0	7	0	0	0	0	8	0	
(OwO)	False	False	1	0	1	0	0	0	0	0	0	0	0	1	0	0	0	0	
(T-T)	False	False	10	0	0	0	0	0	1	7	0	2	0	0	0	0	10	0	
(TT)	False	False	2	0	0	0	2	0	0	0	0	0	0	2	0	0	0	0	
(T^T)	False	False	2	0	1	0	1	0	0	0	0	0	0	2	0	0	0	0	
(T_T)	False	False	21	0	0	0	0	1	2	18	0	0	0	19	0	0	2	0	
(Tв–ҪT)	False	False	2	0	2	0	0	0	0	0	0	0	2	0	0	0	0	0	
(^-^)	False	False	48	1	0	17	6	1	0	4	16	3	0	2	0	28	18	0	
(^.^)	False	False	2	0	0	1	0	0	0	0	1	0	0	1	0	0	1	0	
(^^)	False	False	3	0	0	2	1	0	0	0	0	0	0	0	0	0	3	0	
(^_-)	False	False	2	0	0	0	2	0	0	0	0	0	0	2	0	0	0	0	
(^_^)	False	False	72	1	7	8	24	0	0	0	31	1	0	3	0	22	47	0	
(^_^;)	False	False	6	1	0	0	0	0	0	0	2	3	0	6	0	0	0	0	
(^_~)	False	False	1	0	1	0	0	0	0	0	0	0	0	1	0	0	0	0	
(^_вҲ’)	False	False	4	0	0	1	1	0	0	0	2	0	0	4	0	0	0	0	
(^o^)	True	False	12	1	6	0	4	0	0	0	1	0	0	2	0	0	8	0	
(^Пү^)	True	False	2	0	2	0	0	0	0	0	0	0	0	0	0	0	0	0	
(^Пү^*	False	False	1	1	0	0	0	0	0	0	0	0	0	1	0	0	0	0	
(^вҖҝ^)	True	False	19	0	2	10	4	0	0	0	3	0	0	1	0	3	14	0	
(^в–Ҫ^)	True	False	34	4	6	2	11	0	0	0	9	2	0	3	0	22	6	0	
(^гғ»Пүгғ»^)	False	False	4	0	0	1	3	0	0	0	0	0	0	4	0	0	0	0	
(^гғ»гғ»)	False	False	1	0	0	0	1	0	0	0	0	0	0	1	0	0	0	0	
(__)	False	False	1	0	0	0	0	0	0	1	0	0	0	1	0	0	0	0	
(`ОөВҙ)	True	False	1	0	0	0	0	1	0	0	0	0	0	0	0	0	0	0	
(`РҙВҙ)	False	False	2	0	0	0	0	1	0	0	0	1	1	0	0	0	1	0	
(`вҮӮВҙ)	False	False	1	0	0	0	1	0	0	0	0	0	0	0	0	0	1	0	
(`вҮ§Вҙ)	False	False	2	0	2	0	0	0	0	0	0	0	0	0	0	0	2	0	
(`вҠҝВҙ)	False	False	1	0	0	0	1	0	0	0	0	0	0	0	0	0	1	0	
(`вҢ’Вҙ)	False	False	7	0	6	0	0	0	0	0	0	1	0	0	0	0	7	0	
(`вҢ’ВҙгғЎ)	False	False	5	0	3	0	2	0	0	0	0	0	0	0	0	0	5	0	
(`в—ҮВҙ)	False	False	1	0	0	0	0	0	0	0	1	0	0	0	0	0	1	0	
(`гғ»Пүгғ»Вҙ)	True	False	2	0	0	0	0	0	0	1	1	0	0	0	0	0	1	0	
(o>Пү<o)	False	False	1	0	1	0	0	0	0	0	0	0	0	1	0	0	0	0	
(o^.^o)	False	False	1	0	0	0	1	0	0	0	0	0	0	0	0	0	1	0	
(o^^o)	False	False	12	1	1	3	0	0	0	0	7	0	0	1	0	0	11	0	
(o^_^o)	False	False	8	1	0	1	1	0	0	0	5	0	0	0	0	0	8	0	
(o^в–Ҫ^o)	False	False	3	0	1	0	1	0	0	0	1	0	1	2	0	0	0	0	
(o_O)	False	False	2	0	0	0	0	0	0	0	0	2	0	0	0	0	2	0	
(o__o)	False	False	1	0	0	0	0	0	0	0	1	0	0	0	0	0	1	0	
(o_o)	False	False	41	3	0	0	2	0	0	4	22	10	0	0	0	0	41	0	
(oВ°ПүВ°o)	False	False	1	0	1	0	0	0	0	0	0	0	0	1	0	0	0	0	
(~^в–Ҫ^)~	False	False	1	0	0	1	0	0	0	0	0	0	0	0	0	0	1	0	
(В *в–Ҫ)	False	False	1	0	0	1	0	0	0	0	0	0	0	1	0	0	0	0	
(В¬_В¬)	True	False	137	27	0	0	0	9	0	1	5	95	3	95	0	0	0	0	
(В¬_В¬;)	True	False	30	2	0	0	0	0	0	0	0	28	0	0	0	0	0	0	
(В¬вҖҝВ¬)	True	False	154	110	0	0	8	1	1	3	17	14	0	56	0	6	0	0	
(В¬пҪӨВ¬)	True	False	2	0	0	0	0	0	0	0	0	2	0	0	0	0	0	0	
(ВҜ_ВҜ)	False	False	1	0	0	0	0	0	1	0	0	0	0	0	1	0	0	0	
(ВҜ`В·._.В·(ВҜ)___)	False	False	1	0	0	0	0	0	0	0	1	0	0	0	1	0	0	0	
(ВҜ`В·._.В·[=ВҜ`В·._.	False	False	1	0	0	0	1	0	0	0	0	0	0	0	1	0	0	0	
(ВҜ`гғ».Вё)	False	False	3	0	1	0	2	0	0	0	0	0	0	0	3	0	0	0	
(ВҜ`гғ».пҪЎ)	False	False	1	0	1	0	0	0	0	0	0	0	0	0	1	0	0	0	
(ВҜВіВҜ)	True	False	1	0	0	1	0	0	0	0	0	0	0	0	0	0	0	0	
(ВҜвҖ•ВҜЩҘ)	True	False	1	0	0	0	0	0	0	0	1	0	0	0	0	0	0	0	
(ВҜвҖҝВҜ)	True	False	1	0	0	1	0	0	0	0	0	0	0	0	0	0	0	0	
(ВҜв–ЎВҜ)	False	False	1	0	0	0	1	0	0	0	0	0	0	0	1	0	0	0	
(ВҜв–ҪВҜ)	False	False	1	0	1	0	0	0	0	0	0	0	0	0	1	0	0	0	
(ВҜпёөВҜ)	False	False	1	0	0	0	0	0	0	1	0	0	0	0	1	0	0	0	
(ВҜпёҝВҜ)	False	False	3	0	0	0	0	0	0	3	0	0	0	0	3	0	0	0	
(ВҜп№ғВҜ)	True	False	1	0	0	1	0	0	0	0	0	0	0	0	0	0	0	0	
(ВҜп№ҸВҜ)	False	False	1	0	0	0	0	1	0	0	0	0	0	0	1	0	0	0	
(В°_В°;)	False	False	2	0	0	0	0	0	0	0	0	2	0	2	0	0	0	0	
(В°РҙВ°)	False	False	5	0	0	0	0	2	3	0	0	0	3	0	0	0	0	0	
(В°РҙВ°;)	False	False	4	0	0	0	0	2	2	0	0	0	1	0	0	0	0	0	
(В°в–ЎВ°;)	True	False	17	0	0	0	0	0	17	0	0	0	0	0	0	0	0	0	
(В°в–ҪВ°)	True	False	3	0	1	0	2	0	0	0	0	0	0	0	0	0	0	0	
(В°в—ҮВ°)	False	False	6	0	0	3	0	0	0	0	3	0	0	0	0	0	6	0	
(В°гҖҮВ°)	True	False	7	0	7	0	0	0	0	0	0	0	0	0	0	0	0	0	
(В°гғӯВ°)	True	False	7	1	0	0	1	0	4	0	0	1	0	6	0	0	0	0	
(В°гғјВ°ll)	False	False	1	0	0	0	0	0	0	1	0	0	0	0	0	0	1	0	
(В°гғјВ°|||)	False	False	1	0	0	0	0	0	0	1	0	0	0	0	0	0	1	0	
(В°гғјВ°гҖғ)	False	False	4	0	0	1	0	0	0	2	0	1	0	0	0	0	4	0	
(Вҙ-_-`)	True	False	4	0	0	0	0	0	0	4	0	0	0	0	0	0	0	0	
(Вҙ-`)	True	False	53	1	0	0	0	0	3	49	0	0	0	0	0	1	0	0	
(Вҙ-Пү-`)	True	False	9	0	1	0	0	0	1	7	0	0	0	0	0	2	0	0	
(Вҙ-п№Ҹ-`;)	True	False	5	0	0	0	0	0	0	5	0	0	0	0	0	0	0	0	
(Вҙ;Пү;`)	True	False	51	0	0	0	4	1	9	37	0	0	0	5	3	1	0	0	
(Вҙ`;Пү;Вҙ)	False	False	1	0	0	0	0	1	0	0	0	0	0	0	1	0	0	0	
(Вҙ~`)	True	False	1	0	0	0	0	0	0	0	1	0	0	0	0	0	0	0	
(ВҙВ°МҘМҘМҘМҘМҘМҘ	True	False	3	0	0	0	0	1	1	1	0	0	0	0	0	0	0	0	
(ВҙВ·_В·`)	True	False	3	0	0	0	0	0	3	0	0	0	0	0	0	0	0	0	
(ВҙЛҳ`)	True	False	7	0	0	7	0	0	0	0	0	0	0	0	0	0	0	0	
(ВҙОө`)	True	False	1	0	0	1	0	0	0	0	0	0	0	0	0	0	0	0	
(ВҙПү`)	True	False	78	7	4	12	7	9	10	17	2	10	12	0	0	59	0	0	
(ВҙПү`вҷЎ)	True	False	4	0	0	3	0	0	0	1	0	0	0	0	0	0	0	0	
(ВҙРҙ`)	False	False	1	0	0	0	0	0	1	0	0	0	0	0	0	1	0	0	
(ВҙаҪҙ`гҒЈ)	False	False	1	0	0	0	0	0	1	0	0	0	0	0	0	1	0	0	
(ВҙвҖҝ`)	True	False	3	0	0	1	2	0	0	0	0	0	0	0	0	0	0	0	
(ВҙвҲҖ`)	True	False	14	1	1	8	3	0	0	0	0	1	2	0	0	4	0	0	
(ВҙвҲҮ`)	False	False	10	0	2	0	2	0	0	1	2	3	0	0	0	5	5	0	
(ВҙвҲЎ`вңҝ)	True	False	1	0	0	1	0	0	0	0	0	0	0	0	0	0	0	0	
(ВҙвҲ©ПүвҲ©`)	True	False	1	0	0	0	0	0	1	0	0	0	0	0	0	0	0	0	
(Вҙв–Ў`)	False	False	2	0	0	0	0	1	0	1	0	0	0	0	0	2	0	0	
(Вҙв–Ҫ`)	True	False	85	3	6	45	19	0	1	2	9	0	15	2	0	7	5	0	
(Вҙв–Ҫ`;)	False	False	1	0	0	0	0	0	1	0	0	0	0	0	0	1	0	0	
(Вҙв–Ҫ`КғвҷЎЖӘ)	False	False	9	0	0	5	3	0	0	0	1	0	0	9	0	0	0	0	
(Вҙв–Ҫ`гҒЈ)	False	False	3	1	0	0	2	0	0	0	0	0	0	0	0	3	0	0	
(Вҙв–ҝ`;)	False	False	1	0	0	0	0	1	0	0	0	0	0	0	0	1	0	0	
(Вҙв—•вҖёв—•`;)	False	False	1	0	0	0	0	0	1	0	0	0	0	0	0	1	0	0	
(Вҙв—•вҖҝв—•`;)	False	False	1	0	0	0	0	1	0	0	0	0	0	0	0	1	0	0	
(Вҙгғ»_гғ»`)	True	False	41	1	0	0	1	0	10	24	3	2	0	2	9	0	1	0	
(Вҙгғ»МҘМҘМҘПүгғ»МҘМҘ	True	False	1	0	0	0	0	0	0	1	0	0	0	0	0	0	0	0	
(Вҙгғ»МҘМҘМҘПүгғ»МҘМҘпҝҪ	False	False	1	0	0	0	0	0	0	1	0	0	0	1	0	0	0	0	
(Вҙгғ»МҘПүгғ»МҘ`)	True	False	5	0	0	0	0	1	2	2	0	0	0	0	0	0	0	0	
(Вҙгғ»Пүгғ»`)	True	False	116	2	0	21	13	1	11	27	28	13	0	69	14	2	12	0	
(Вҙгғ»вҖҝгғ»`)	False	False	2	0	0	1	1	0	0	0	0	0	0	0	0	2	0	0	
(Вҙгғ»гғ»)	False	False	1	0	0	0	0	0	0	1	0	0	0	0	1	0	0	0	
(Вҙгғ»гғ»гғ»)	False	False	1	0	0	0	1	0	0	0	0	0	0	0	1	0	0	0	
(Вҙгғ»пёөгғ»`)	True	False	1	0	0	0	0	0	0	1	0	0	0	0	0	0	0	0	
(Вҙгғ»пёҝгғ»`)	True	False	1	0	0	0	0	1	0	0	0	0	0	0	0	0	0	0	
(Вҙиүё`)	False	False	25	0	0	2	0	7	5	9	0	2	0	0	0	25	0	0	
(Вҙпё¶`)	True	False	3	1	1	0	0	0	0	1	0	0	0	0	0	1	1	0	
(ВҙпҪЎ_пҪЎ`)	True	False	2	0	0	0	0	0	0	2	0	0	0	0	0	0	0	0	
(ВҙпҪЎгғ»Пүгғ»пҪЎ`)	True	False	9	0	0	3	1	0	0	3	1	1	0	0	0	0	0	0	
(ВҙпҪЎгғ»вҖҝгғ»пҪЎ`)	True	False	50	1	0	22	13	0	0	11	3	0	0	13	0	0	0	0	
(ВҙпҪЎгғ»п»Ңгғ»пҪЎ`)	False	False	1	0	0	0	0	0	0	1	0	0	0	1	0	0	0	0	
(ГІ_Гі)	False	False	6	0	0	0	0	5	1	0	0	0	1	0	0	0	0	0	
(ГІзҡҝГі)	False	False	1	0	0	0	0	1	0	0	0	0	0	0	0	0	0	0	
(ЛғЛӮ)	False	False	1	0	0	0	0	0	0	0	1	0	0	1	0	0	0	0	
(ЛғЛҶк’іЛҶЛӮ)	False	False	1	0	0	0	1	0	0	0	0	0	0	1	0	0	0	0	
(ЛғбҮӣЛӮ)	False	False	1	1	0	0	0	0	0	0	0	0	0	1	0	0	0	0	
(Лғб·„вҒәЛӮ	False	False	1	0	1	0	0	0	0	0	0	0	0	0	0	0	1	0	
(ЛғвҖҝЛӮ)	False	False	6	2	1	0	2	0	0	0	0	1	1	1	0	0	0	0	
(ЛғвҢ‘ЛӮ)	False	False	7	0	2	0	0	1	0	3	0	1	0	5	0	0	0	0	
(ЛғвҢ‘ЛӮаҙҲ)	False	False	2	1	0	0	0	1	0	0	0	0	0	2	0	0	0	0	
(Лғв–ҝЛӮ)	False	False	3	0	1	0	2	0	0	0	0	0	0	0	0	0	0	0	
(Лғк’іЛӮ)	False	False	1	0	0	0	0	1	0	0	0	0	0	1	0	0	0	0	
(ЛҶбҙҘЛҶ)	False	False	1	0	0	0	0	0	0	0	1	0	0	0	0	1	0	0	
(ЛҶвҖҝЛҶ)	False	False	1	0	0	0	0	0	0	1	0	0	0	0	0	1	0	0	
(ЛҶвҖҝЛҶСҒ)	False	False	1	0	1	0	0	0	0	0	0	0	0	0	0	0	1	0	
(ЛҶвҖҝЛҶФ…)	False	False	6	0	6	0	0	0	0	0	0	0	0	0	0	0	6	0	
(ЛҶвҢӮЛҶ)	False	False	1	1	0	0	0	0	0	0	0	0	0	0	0	1	0	0	
(ЛҶвҢ’ЛҶ)	False	False	1	0	0	0	0	0	0	0	1	0	0	0	0	1	0	0	
(ЛҳВіЛҳ)	True	False	73	7	0	27	6	4	3	13	11	2	1	39	0	32	0	0	
(ЛҳМ©М©Лҳ)	False	False	1	1	0	0	0	0	0	0	0	0	0	0	0	1	0	0	
(ЛҳМ©в•ӯв•ӯЛҳМ©)	False	False	1	0	0	0	0	0	0	1	0	0	0	0	0	1	0	0	
(ЛҳМ©в•ӯв•®ЛҳМ©)	True	False	25	0	3	0	10	0	2	9	1	0	12	0	0	2	0	0	
(ЛҳМ©в•ӯв•ҜЛҳМ©)	False	False	2	0	0	0	0	0	2	0	0	0	0	0	0	2	0	0	
(ЛҳПүЛҳ)	True	False	40	2	0	28	7	0	0	0	3	0	18	3	0	0	0	0	
(ЛҳЪЎЛҳ)	False	False	11	0	0	11	0	0	0	0	0	0	9	0	0	0	0	0	
(ЛҳвҖҝЛҳ)	False	False	13	0	0	13	0	0	0	0	0	0	2	0	0	0	0	0	
(Лҳв–ҪЛҳ)	False	False	82	1	14	4	62	0	0	0	1	0	37	0	0	0	0	0	
(Лҳгғ»_гғ»Лҳ)	False	False	1	0	0	1	0	0	0	0	0	0	0	0	0	1	0	0	
(Лҳгғ»Пүгғ»Лҳ)	False	False	1	0	0	0	0	0	0	1	0	0	0	0	0	1	0	0	
(Лҳпё¶Лҳ)	False	False	1	0	0	1	0	0	0	0	0	0	0	0	0	1	0	0	
(Лҷв–ӮЛҷ)	False	False	1	0	0	1	0	0	0	0	0	0	0	0	0	1	0	0	
(Лҷв–ҝЛҷ)	False	False	3	0	0	0	0	0	0	0	3	0	0	0	0	0	0	0	
(Лҷк’іЛҷ)	False	False	62	1	0	0	3	0	0	0	54	4	8	0	0	0	0	0	
(ЛңпёөЛң;)	False	False	1	0	0	0	0	0	0	1	0	0	0	0	1	0	0	0	
(ЛөНЎВ°НңК–НЎВ°Лө)	False	False	2	2	0	0	0	0	0	0	0	0	1	0	0	0	0	0	
(Лөгғ»МҖвҖҝгғ»МҒЛө)	False	False	3	3	0	0	0	0	0	0	0	0	1	0	0	0	0	0	
(Л¶ЛҶб—ңЛҶЛө)	False	False	3	1	0	0	2	0	0	0	0	0	0	0	0	0	0	0	
(Л¶ЛҶвҖҝЛҶЛө)	False	False	1	0	0	1	0	0	0	0	0	0	0	1	0	0	0	0	
(Л¶ЛҶвҳҒЛҶЛө)	False	False	4	0	0	4	0	0	0	0	0	0	0	0	0	0	0	0	
(Л¶ЛҶк’іЛҶЛө)	False	False	1	0	0	1	0	0	0	0	0	0	0	0	0	1	0	0	
(Л¶бө”вҖҝбө”Л¶)	False	False	6	1	0	5	0	0	0	0	0	0	0	0	0	0	0	0	
(Л¶вҖҫб·„вҖҝвҖҫб·…пҝҪ	False	False	1	0	0	0	1	0	0	0	0	0	0	0	0	0	1	0	
(Л¶вҖҫб·„вҒ»М«вҖҫпҝҪ	False	False	4	0	0	1	2	0	0	0	1	0	0	0	0	0	4	0	
(Л¶вҖҫб·„кҮҙвҖҫб·…	False	False	1	0	0	1	0	0	0	0	0	0	0	0	0	0	1	0	
(Л¶вҖҝвҳҒвҖҝЛ¶)	False	False	1	0	0	1	0	0	0	0	0	0	0	0	0	0	0	0	
(Л¶гғ»МҖПүгғ»МҒЛө)	False	False	1	0	0	0	0	0	0	0	1	0	0	0	0	1	0	0	
(М„ВіМ„)	False	False	1	0	0	0	0	0	1	0	0	0	0	0	0	1	0	0	
(М‘вҖҝМ‘)	False	False	1	0	0	0	0	0	0	1	0	0	0	0	0	1	0	0	
(М’вҖҝМ’)	False	False	1	0	0	0	0	0	1	0	0	0	0	0	0	1	0	0	
(МӣМ М )	False	False	1	0	0	0	0	1	0	0	0	0	0	0	0	1	0	0	
(МҘМӨМҘ)	False	False	1	0	0	0	1	0	0	0	0	0	0	0	0	1	0	0	
(МҘМҜМҘ)	False	False	1	0	0	0	0	0	0	1	0	0	0	0	0	1	0	0	
(Н В°НҹК–НЎВ°)	False	False	2	0	0	0	0	0	0	0	0	2	0	0	0	0	0	0	
(НЎВ°НңК–НЎВ°)	False	False	172	166	0	0	5	1	0	0	0	0	82	10	2	0	0	0	
(аҘӮгғ»вҖҝгғ»аҘӮ)	False	False	1	0	1	0	0	0	0	0	0	0	0	0	0	0	1	0	
(аІ _аІ )	False	False	5	0	0	0	0	5	0	0	0	0	0	5	0	0	0	0	
(аІ К–аІ )	False	False	2	0	0	0	0	2	0	0	0	0	0	0	0	0	0	0	
(аІ аІ )	False	False	1	0	0	0	0	1	0	0	0	0	0	0	0	0	0	0	
(аІҘп№ҸаІҘ)	False	False	30	1	0	2	1	1	1	20	2	2	1	0	0	0	29	0	
(аёҮ'МҖ-'МҒ)	False	False	1	0	0	0	0	1	0	0	0	0	1	0	0	0	0	0	
(аёҮгғ»МҖ_гғ»МҒ)	False	False	3	0	0	0	0	3	0	0	0	0	3	0	0	0	0	0	
(а№‘><а№‘)	False	False	6	0	0	3	3	0	0	0	0	0	0	6	0	0	0	0	
(а№‘>вҖҝ<а№‘)	False	False	6	1	0	4	1	0	0	0	0	0	0	6	0	0	0	0	
(а№‘ВҙЪЎ`а№‘)	False	False	1	0	0	1	0	0	0	0	0	0	1	0	0	0	0	0	
(а№‘ЛғвҖҝЛӮ)	True	False	289	70	154	13	44	1	1	1	5	0	165	0	0	13	0	0	
(а№‘гғ»МҖг…Ғгғ»МҒа№‘)	False	False	25	4	0	13	3	0	0	3	2	0	0	0	0	0	25	0	
(а№‘гғ»МҖг…Ғгғ»МҒа№‘)пҝҪ	False	False	1	0	0	0	1	0	0	0	0	0	0	0	0	0	1	0	
(а№‘гғ»МҖг…Ӯгғ»МҒ)	False	False	8	0	0	5	0	0	0	2	1	0	1	5	0	2	0	0	
(а№‘гғ»МҒвӮғгғ»МҖа№‘)	False	False	3	0	0	1	0	0	0	2	0	0	0	0	0	0	3	0	
(а№‘гғ»п№Ҹгғ»)	False	False	2	0	0	0	0	0	1	0	1	0	2	0	0	0	0	0	
(бҗўгғ»бҙҘгғ»бҗў)	False	False	1	0	0	1	0	0	0	0	0	0	0	0	0	1	0	0	
(б—ң)	False	False	1	0	0	0	0	1	0	0	0	0	0	0	0	1	0	0	
(б—ң3)	False	False	1	0	0	0	0	0	1	0	0	0	0	0	0	1	0	0	
(б—ңгүЁ)	False	False	1	0	0	0	0	0	1	0	0	0	0	0	0	1	0	0	
(бөҸбөҲ)	False	False	1	0	0	0	0	0	0	1	0	0	0	0	0	1	0	0	
(бөҗбҙҘбөҗ)	False	False	1	0	0	0	0	0	0	1	0	0	0	0	0	1	0	0	
(бөҗбө’бөҗ)	False	False	1	0	0	0	0	0	0	1	0	0	0	0	0	1	0	0	
(бө’МҢМҜбө’МҢ)	False	False	1	0	0	0	0	0	0	0	0	1	0	0	0	1	0	0	
(бө’МҢбҙҘбө’МҢ)	False	False	12	0	0	0	0	1	1	6	0	4	0	0	0	12	0	0	
(бө’МҢбөғбө’МҢ)	False	False	4	0	1	0	0	1	1	1	0	0	0	0	0	4	0	0	
(бө’МҢбөҸбө’МҢ)	False	False	1	0	0	0	0	0	0	0	1	0	0	0	0	1	0	0	
(бө’МҢбөҗбө’МҢ)	False	False	4	0	1	0	0	1	2	0	0	0	0	0	0	4	0	0	
(бө’МҢбөҗгҸ‘)	False	False	2	0	0	0	0	0	1	1	0	0	0	0	0	2	0	0	
(бө’МҢбө”бө’МҢ)	False	False	1	0	0	0	0	1	0	0	0	0	0	0	0	1	0	0	
(бө’МҢбө—бө’МҢ)	False	False	4	0	1	0	0	0	2	1	0	0	0	0	0	4	0	0	
(бө’МҢвҖҝбө’МҢ)	False	False	1	0	0	0	0	0	0	0	0	1	0	0	0	1	0	0	
(бө”МҖ-МҖбө”)	False	False	1	0	0	0	0	0	1	0	0	0	0	0	0	1	0	0	
(бө”бҙҘбө”)	False	False	70	4	8	3	2	17	11	14	2	9	0	0	0	70	0	0	
(бө”бө”)	False	False	1	0	0	1	0	0	0	0	0	0	0	0	0	1	0	0	
(бө”вҖҝбө”)	False	False	7	1	1	0	0	3	0	1	0	1	0	0	0	6	0	0	
(бө”г…Ӯбө”)	False	False	8	1	0	0	0	1	4	0	1	1	0	0	0	8	0	0	
(бө”г……бө”)	False	False	7	3	0	1	0	3	0	0	0	0	0	0	0	7	0	0	
(бө”г…ңбө”)	False	False	5	3	0	0	1	1	0	0	0	0	0	0	0	5	0	0	
(вҖҝ	False	False	1	0	0	0	0	0	0	0	0	1	0	1	0	0	0	0	
(вҖҝПүвҖҝ)	True	False	2	0	0	0	2	0	0	0	0	0	0	0	0	0	0	0	
(вҖҝвҖҝ)	False	False	1	0	0	1	0	0	0	0	0	0	0	0	0	1	0	0	
(вҖҝвҖҝвҖҝ)	True	False	51	3	2	20	9	0	0	0	16	1	8	5	0	2	0	0	
(вҖҝвҖҝвҖҝвңҝ)	True	False	13	0	0	5	8	0	0	0	0	0	0	0	0	0	0	0	
(вҒҖЛҳПүЛҳвҒҖ)	False	False	1	0	0	0	0	0	1	0	0	0	0	0	0	1	0	0	
(вҒҖб—ңвҒҖ)	False	False	25	2	3	1	2	2	5	6	0	4	0	0	0	25	0	0	
(вҒҖвң°)	False	False	1	0	0	0	0	0	1	0	0	0	0	0	0	1	0	0	
(вҒ„	False	False	35	13	4	6	6	0	0	2	2	2	0	24	0	10	1	0	
(вҒ„вҒҖ)	False	False	1	1	0	0	0	0	0	0	0	0	0	0	0	1	0	0	
(вҒ„вҒӮвҒ„)	False	False	3	1	0	0	1	0	0	0	0	1	0	0	0	3	0	0	
(вҒ„вҒ„гғ»вҒ„ПүвҒ„гғ»вҒ„)	False	False	1	0	1	0	0	0	0	0	0	0	0	0	0	1	0	0	
(вҒ„вҒ„гғ»вҒ„Пүгғ»вҒ„)	False	False	1	1	0	0	0	0	0	0	0	0	0	0	0	1	0	0	
(вҒ„вҒ„гғ»вҒ„Пүгғ»вҒ„вҒ„)	False	False	1	0	0	0	1	0	0	0	0	0	0	0	0	1	0	0	
(вҒ„в—•вҖҝв—•вҒ„)	False	False	1	1	0	0	0	0	0	0	0	0	0	0	0	1	0	0	
(вҒҺЛғбҶәЛӮ)	False	False	2	0	0	0	0	0	0	2	0	0	0	0	0	0	2	0	
(вҒҺЛғвҖҝЛӮвҒҺ)	False	False	7	0	0	3	4	0	0	0	0	0	0	0	0	7	0	0	
(вҒҺЛғкҮҙЛӮвҒҺ)	False	False	2	1	0	0	1	0	0	0	0	0	0	2	0	0	0	0	
(вҒҺвҖҝвҖҝвҖҝвҒҺ)	False	False	6	0	0	6	0	0	0	0	0	0	1	0	0	0	0	0	
(вҒҺвҒҚМӣвҖҝвҒҚпҝҪ	False	False	1	0	0	0	1	0	0	0	0	0	0	1	0	0	0	0	
(вҲҖ)	False	False	1	1	0	0	0	0	0	0	0	0	0	1	0	0	0	0	
(вү–_вү–)	True	False	1	1	0	0	0	0	0	0	0	0	0	0	0	0	0	0	
(вү–Нһ_вү–МҘ)	True	False	1	1	0	0	0	0	0	0	0	0	0	0	0	0	0	0	
(вү–вҖҝвү–)	False	False	3	1	0	0	0	0	0	0	1	1	0	0	0	2	0	0	
(вү–вҖҝвү–вңҝ)	True	False	3	3	0	0	0	0	0	0	0	0	0	0	0	0	0	0	
(вү§^O^вүҰ)	False	False	1	0	0	0	0	0	1	0	0	0	0	0	0	1	0	0	
(вү§ПүвүҰ)	False	False	15	2	1	2	6	1	0	0	1	2	0	0	0	15	0	0	
(вү§РҙвүҰ)	False	False	1	0	0	0	0	0	1	0	0	0	0	0	0	1	0	0	
(вү§вҖҝвүҰ)	True	False	174	22	42	32	26	12	10	2	13	15	0	63	0	103	2	0	
(вү§вҲҮвүҰ)	True	False	6	0	5	1	0	0	0	0	0	0	1	2	1	0	0	0	
(вү§в–ҪвүҰ)	True	False	149	34	49	7	28	2	1	5	14	9	12	51	30	18	4	0	
(вү§в–ҪвүҰ*)o	False	False	4	0	1	0	3	0	0	0	0	0	0	4	0	0	0	0	
(вү§пёҝвүҰ)	False	False	1	0	0	0	0	0	1	0	0	0	0	0	0	0	1	0	
(вҠғгғ»в–Ҫгғ»)	False	False	1	0	1	0	0	0	0	0	0	0	0	1	0	0	0	0	
(вҠғпҪЎгғ»МҒвҖҝгғ»МҖпҪЎ)	False	False	4	0	3	0	0	0	0	0	1	0	0	4	0	0	0	0	
(вҠҷ'вҖҝ'вҠҷ)	False	False	1	0	0	0	1	0	0	0	0	0	0	0	0	0	1	0	
(вҠҷ^в–Ҫ^вҠҷ)	False	False	1	0	1	0	0	0	0	0	0	0	0	0	0	0	1	0	
(вҠҷ_вҠҷ)	False	False	486	39	0	1	0	28	127	0	37	254	242	2	8	0	0	0	
(вҠҷ_вҠҷ;)	True	False	29	1	2	1	1	4	6	0	0	14	0	17	0	4	0	0	
(вҠҷ_в—Һ)	False	False	3	0	0	0	0	0	2	1	0	0	0	0	0	3	0	0	
(вҠҷ_вҳү)	True	False	5	1	0	0	0	0	0	0	0	4	0	0	0	0	0	0	
(вҠҷ_вҳү;)	False	False	5	0	0	0	0	0	3	1	0	1	0	0	0	5	0	0	
(вҠҷoвҠҷ)	False	False	1	0	1	0	0	0	0	0	0	0	1	0	0	0	0	0	
(вҠҷВҙвҖҜПүвҖҜ`вҠҷ)	False	False	1	0	0	0	0	0	1	0	0	0	0	0	0	0	1	0	
(вҠҷВҙвҲҖ`вҠҷ)	True	False	2	0	0	0	2	0	0	0	0	0	0	0	1	0	0	0	
(вҠҷВҙв–Ў`вҠҷ)	False	False	3	0	0	0	3	0	0	0	0	0	0	0	0	0	3	0	
(вҠҷЛҠПүЛӢвҠҷ)	False	False	1	0	1	0	0	0	0	0	0	0	0	0	1	0	0	0	
(вҠҷЛҠбө”вҠҷЛӢ)	False	False	1	0	0	0	0	0	0	0	1	0	0	0	1	0	0	0	
(вҠҷб—ңвҠҷ)	False	False	1	0	1	0	0	0	0	0	0	0	0	0	0	0	0	0	
(вҠҷвҖІПү`-)	False	False	1	0	0	1	0	0	0	0	0	0	0	0	1	0	0	0	
(вҠҷвҠғв–ЎвҠӮ)	False	False	1	0	0	1	0	0	0	0	0	0	0	0	1	0	0	0	
(вҠҷвҠҷ)	False	False	1	0	1	0	0	0	0	0	0	0	1	0	0	0	0	0	
(вҠҷвҠҷвҠҷвҠҷвҠҷвҠҷвҠҷвҠҷвҠҷвҠҷвҠҷвҠҷвҠҷвҠҷвҠҷ	False	False	1	0	0	0	0	0	0	0	0	1	0	0	1	0	0	0	
(вҠҷвҢ’вҲҮвҢ’вҠҷ)гӮқ	False	False	1	0	1	0	0	0	0	0	0	0	0	0	0	0	1	0	
(вҠҷв–ҪвҠҷ)	False	False	2	0	2	0	0	0	0	0	0	0	2	0	0	0	0	0	
(вҠҷв—һвҠҷ)	False	False	5	0	0	0	0	0	4	1	0	0	0	0	5	0	0	0	
(вҠҷгҖҮвҠҷ)	False	False	1	0	1	0	0	0	0	0	0	0	0	0	0	0	0	0	
(вҠҷп№ҸвҠҷ)	False	False	40	0	0	0	3	0	37	0	0	0	21	0	0	0	0	0	
(вҠҷпҝҪ	False	False	1	0	1	0	0	0	0	0	0	0	0	0	0	0	1	0	
(вҢҗв– _в– )	False	False	24	7	0	0	6	0	0	0	10	1	1	5	0	2	16	0	
(вҢ’_вҢ’;)	True	False	11	5	0	1	1	0	1	2	1	0	0	0	0	5	3	0	
(вҢ’вҖҝвҢ’)	True	False	32	7	1	8	6	0	0	0	9	1	0	1	0	21	8	0	
(вҢ’в–ҪвҢ’)	True	False	45	8	0	7	18	0	0	2	10	0	0	0	0	0	44	0	
(вҢ“гғ»бҙҘгғ»вҢ“)	False	False	1	0	0	0	0	0	0	0	1	0	0	0	0	0	1	0	
(вҢӣ)	False	False	2	0	1	0	0	0	1	0	0	0	0	0	1	0	1	0	
(вҢЁ)	False	False	1	0	0	0	0	0	1	0	0	0	0	0	1	0	0	0	
(вҢҜЛғб·„	False	False	8	0	0	1	3	0	1	3	0	0	0	0	0	0	8	0	
(вҸ°)	False	False	1	0	0	0	0	0	0	0	1	0	0	0	1	0	0	0	
(в”ӣв–§зӣҠв–§)	False	False	1	0	0	0	0	0	0	1	0	0	0	0	0	0	1	0	
(в•Ҙ_в•Ҙ)	True	False	55	1	1	0	0	25	10	11	1	6	0	34	0	19	0	0	
(в•Ҙ_п№Ҹ)	False	False	2	0	0	1	0	0	0	0	1	0	0	0	0	2	0	0	
(в•Ҙв•Ҝп№Ҹв•°в•Ҙ)	False	False	1	0	0	0	0	0	0	1	0	0	1	0	0	0	0	0	
(в•Ҙп№Ҹв•Ҙ	False	False	2	0	0	1	1	0	0	0	0	0	0	2	0	0	0	0	
(в•Ҙп№Ҹв•Ҙ)	True	False	104	2	10	0	0	33	40	12	1	6	12	33	4	29	5	0	
(в•¬	True	False	1	0	0	0	0	0	1	0	0	0	0	0	0	0	0	0	
(в•¬Г’п№ҸГ“)	True	False	45	0	0	0	0	26	19	0	0	0	0	0	0	0	0	0	
(в•¬аІ зӣҠаІ )	True	False	52	0	0	0	0	48	1	0	0	3	0	0	0	0	0	0	
(в•¬вҠҷв–івҠҷ)	True	False	1	0	0	0	0	0	1	0	0	0	0	0	0	0	0	0	
(в•ҜВ°в–ЎВ°	False	False	2	1	1	0	0	0	0	0	0	0	0	2	0	0	0	0	
(в•ҜВ°в–ЎВ°)	True	False	595	10	10	5	21	383	60	11	8	87	172	109	30	51	1	0	
(в•ҜвҶҖв•°)	False	False	1	0	0	1	0	0	0	0	0	0	0	0	1	0	0	0	
(в•Ҝвң§в•°)	False	False	1	0	1	0	0	0	0	0	0	0	0	0	1	0	0	0	
(в•Ҝвң§в•°в•Ҝ)	False	False	1	0	1	0	0	0	0	0	0	0	0	0	1	0	0	0	
(в•Ҝвң§в–Ҫвң§)	False	False	5	0	2	1	2	0	0	0	0	0	1	0	3	0	0	0	
(в•Ҝпёөв•°,)	True	False	1	0	0	0	0	1	0	0	0	0	0	0	0	0	0	0	
(в•Іпёҝв•ұ')	False	False	1	0	1	0	0	0	0	0	0	0	0	0	0	0	1	0	
(в•№вҖҝв•№)	False	False	3	0	0	2	0	0	0	0	1	0	0	0	1	1	1	0	
(в•№в–Ҫв•№)	False	False	1	0	0	0	0	0	0	0	1	0	0	1	0	0	0	0	
(в–ј_в–ј)	False	False	1	0	0	0	0	1	0	0	0	0	0	1	0	0	0	0	
(в–Ҫв–Ҫ)	False	False	1	0	0	1	0	0	0	0	0	0	0	1	0	0	0	0	
(в—Һ_в—Һ;)	True	False	2	0	1	0	1	0	0	0	0	0	0	0	0	0	0	0	
(в—•_в—•)	True	False	2	1	0	0	0	0	0	0	0	1	0	0	0	0	1	0	
(в—•oв—•)	False	False	1	0	0	0	0	0	0	1	0	0	0	0	0	1	0	0	
(в—•вҖҝв—•)	True	False	127	7	31	27	42	0	0	1	19	0	6	10	18	7	9	0	
(в—•вҖҝв—•вңҠ)	False	False	1	0	0	0	1	0	0	0	0	0	0	0	1	0	0	0	
(в—•вҖҝв—•вңҢ)	False	False	2	0	1	0	0	0	0	0	0	1	0	0	2	0	0	0	
(в—•вҖҝв—•вңҝ)	True	False	257	36	16	62	33	3	13	8	59	27	0	45	139	48	0	0	
(в—•вҖҝв—•пҪЎ)	True	False	4	0	0	1	3	0	0	0	0	0	0	1	0	0	0	0	
(в—•вҖҝв—•пҝҪ	False	False	10	4	0	0	4	0	0	0	1	1	0	10	0	0	0	0	
(в—һвҖёв—ҹ)	True	False	1	0	0	0	1	0	0	0	0	0	0	0	0	0	0	0	
(в—һвҖҝв—ҹпҪЎ)	True	False	2	0	0	0	2	0	0	0	0	0	0	0	0	0	0	0	
(в— вҖҝв— )	True	False	5	0	1	0	2	0	1	1	0	0	0	1	2	0	1	0	
(в— п№Ҹв— )	False	False	1	0	0	0	1	0	0	0	0	0	0	0	0	0	1	0	
(в—Ј_в—ў)	False	False	1	0	0	0	0	0	1	0	0	0	0	0	1	0	0	0	
(вҳҖВҙв–Ҫ`)	True	False	1	0	0	0	0	0	0	0	1	0	0	0	0	0	0	0	
(вҳҒвҖҝвҳҒ)	False	False	2	0	1	1	0	0	0	0	0	0	0	2	0	0	0	0	
(вҳ…^O^вҳ…)	True	False	4	0	3	0	1	0	0	0	0	0	0	3	0	0	0	0	
(вҳ…Пүвҳ…)	False	False	8	0	8	0	0	0	0	0	0	0	5	0	0	0	0	0	
(вҳ…вҖҝвҳ…)	False	False	3	0	3	0	0	0	0	0	0	0	0	1	0	0	0	0	
(вҳ…вү§в–Ҫ^)	True	False	2	0	2	0	0	0	0	0	0	0	0	0	0	0	0	0	
(вҳ…в–Ҫвҳ…)	True	False	3	0	3	0	0	0	0	0	0	0	0	0	0	0	0	0	
(вҳҶв–ҪвҳҶ)	True	False	2	0	2	0	0	0	0	0	0	0	0	0	0	0	0	0	
(вҳүРҙвҳү;пҝҪ	False	False	1	1	0	0	0	0	0	0	0	0	0	1	0	0	0	0	
(вҳүвҖҝвҳү)	False	False	1	0	0	1	0	0	0	0	0	0	0	0	0	1	0	0	
(вҳ•~вҳ•)	False	False	1	0	0	1	0	0	0	0	0	0	0	0	0	1	0	0	
(вҳ•Л¶в—•вҖҝв—•Л¶)	False	False	1	0	0	1	0	0	0	0	0	0	0	0	0	1	0	0	
(вҳ•вҖҝ)	False	False	1	0	0	1	0	0	0	0	0	0	0	1	0	0	0	0	
(вҳ•вҖҝвҖҝвҖҝ)	False	False	2	0	0	2	0	0	0	0	0	0	2	0	0	0	0	0	
(вҳ•вҖҝвҳ•)	False	False	4	0	0	4	0	0	0	0	0	0	1	0	0	2	0	0	
(вҳ•вҳҒ)	False	False	1	0	0	1	0	0	0	0	0	0	1	0	0	0	0	0	
(вҳ•вңҝвңҝвҳ•)	False	False	1	0	0	1	0	0	0	0	0	0	0	0	0	1	0	0	
(вҳ•гғ»Пүгғ»)	False	False	1	0	0	1	0	0	0	0	0	0	0	1	0	0	0	0	
(вҳһвҖҝвҳһ)	False	False	2	0	0	1	0	0	0	0	1	0	0	0	0	2	0	0	
(вҳһпҫҹгғ®пҫҹ)	False	False	5	0	0	1	0	0	2	1	1	0	0	0	0	5	0	0	
(вҷЎЛғНҲМ‘вҖҝ	True	False	1	0	1	0	0	0	0	0	0	0	0	0	0	0	0	0	
(вҷЎЛҷпё¶ЛҷвҷЎ)	True	False	2	0	1	0	0	0	0	0	1	0	0	0	0	0	0	0	
(вҷЎвҖҝвҷЎ)	True	False	9	0	7	0	2	0	0	0	0	0	0	0	0	0	0	0	
(вҡҶ_вҡҶ)	False	False	1	0	0	0	0	1	0	0	0	0	0	0	0	0	0	0	
(вҡ–)	False	False	1	0	0	0	0	0	1	0	0	0	0	0	1	0	0	0	
(вҡ )	False	False	4	3	0	0	0	0	1	0	0	0	0	0	3	0	1	0	
(вңҲ)	False	False	2	0	0	0	0	0	2	0	0	0	0	0	2	0	0	0	
(вңҲвҡЎ)	False	False	1	0	0	0	0	0	1	0	0	0	0	0	1	0	0	0	
(вңҢ)	False	False	1	0	0	0	0	0	0	0	1	0	0	0	1	0	0	0	
(вң§)	False	False	1	0	0	0	0	0	0	1	0	0	0	0	1	0	0	0	
(вң§В·вҲҖВ·)	False	False	1	0	0	0	0	0	0	0	1	0	0	0	1	0	0	0	
(вң§Пүвң§)	False	False	12	2	9	1	0	0	0	0	0	0	0	12	0	0	0	0	
(вң§вҖҝвң§)	False	False	1	0	1	0	0	0	0	0	0	0	0	0	1	0	0	0	
(вң§вң§)	False	False	1	0	0	0	0	0	0	1	0	0	0	0	1	0	0	0	
(вң§гғ»М®гғ»)	False	False	1	0	0	0	0	0	0	1	0	0	0	0	1	0	0	0	
(вң§гғ»Пүгғ»вң§)	False	False	1	0	0	0	0	0	0	1	0	0	0	0	1	0	0	0	
(вң§гғ»гғ»)	False	False	1	0	0	1	0	0	0	0	0	0	0	0	1	0	0	0	
(вңЁ)	False	False	8	1	1	3	1	0	0	0	2	0	0	0	8	0	0	0	
(вңҝ^_^)	False	False	1	0	0	0	0	0	0	0	1	0	0	0	1	0	0	0	
(вңҝВҙв—ңаұӘв—қ`вңҝ)	False	False	1	0	0	1	0	0	0	0	0	0	0	0	0	1	0	0	
(вңҝЛғвҖҝЛӮ)	False	False	2	0	2	0	0	0	0	0	0	0	0	0	0	0	0	0	
(вңҝвҖҫвҖҫ)	False	False	1	0	1	0	0	0	0	0	0	0	0	0	0	1	0	0	
(вңҝвҖҝвҖҝвҖҝ)	False	False	2	0	0	1	1	0	0	0	0	0	0	1	0	0	0	0	
(вңҝвҖҝвқҖ)	False	False	3	0	3	0	0	0	0	0	0	0	0	0	0	3	0	0	
(вңҝвҖҝгғ»МҖ)	False	False	1	0	1	0	0	0	0	0	0	0	0	0	0	1	0	0	
(вңҝв•№вҖҝв•№)	False	False	23	3	2	5	2	2	1	1	6	1	0	0	0	23	0	0	
(вңҝв–Ҫвңҝ)	False	False	1	1	0	0	0	0	0	0	0	0	0	0	1	0	0	0	
(вңҝв—•вҖҝв—•)	True	False	11	4	0	0	3	0	0	1	1	2	0	0	0	8	0	0	
(вңҝв—•вҖҝв—•вңҝ)	True	False	4	0	1	2	0	0	0	0	1	0	0	0	0	3	0	0	
(вңҝв— вҖҝв— )	False	False	153	12	35	43	36	0	2	4	16	5	41	12	1	89	0	0	
(вңҝв— вҖҝпҝҪ	False	False	2	1	0	0	0	0	0	0	1	0	0	2	0	0	0	0	
(вңҝпҫҹв–Ҫ	True	False	1	0	0	0	1	0	0	0	0	0	0	0	0	0	0	0	
(вқҖвҖҝвқҖ)	False	False	1	0	0	1	0	0	0	0	0	0	0	0	0	1	0	0	
(вқҒВҙвҖҝ`вқҒ)	False	False	1	0	0	1	0	0	0	0	0	0	0	1	0	0	0	0	
(вқ„)	False	False	2	0	0	2	0	0	0	0	0	0	0	0	2	0	0	0	
(вқ“)	False	False	2	0	0	0	1	0	0	0	0	1	0	0	2	0	0	0	
(вқӨ)	False	False	6	0	0	0	0	0	2	4	0	0	0	0	6	0	0	0	
(вёңаёұаёұа«…аұӘвёқаёұаёұпҝҪ	False	False	1	0	0	0	0	0	0	0	1	0	0	0	0	0	1	0	
"(вёңпҝҪ//
вёқМ«вёқ)"	False	False	1	0	0	0	0	0	0	1	0	0	0	0	0	0	1	0	
(вёқвёңгғ»бө”гғ»вёқпҝҪ	False	False	1	0	0	0	0	0	0	0	0	1	0	0	0	0	1	0	
(гҖҖВҙвҲҖ`)	False	False	2	0	0	0	0	2	0	0	0	0	0	0	0	2	0	0	
(гҖҖВҙвҲҖ`гҖҖ)	False	False	4	1	0	0	0	0	2	1	0	0	0	0	0	4	0	0	
(гҖғВ¬вҖҝВ¬гҖғ)	False	False	1	0	0	0	0	0	0	1	0	0	0	0	0	1	0	0	
(гҖғВ°ПүВ°гҖғ)	False	False	1	0	0	1	0	0	0	0	0	0	0	0	0	1	0	0	
(гҖғВҙПү`гҖғ)	False	False	1	0	0	1	0	0	0	0	0	0	0	0	0	1	0	0	
(гҖғВҙРҙ`)	False	False	1	0	0	0	0	0	0	1	0	0	0	0	0	1	0	0	
(гҖғПүгҖғ)	False	False	1	1	0	0	0	0	0	0	0	0	0	0	0	1	0	0	
(гҖғвҲҮгҖғ)	False	False	1	0	0	0	0	0	0	1	0	0	0	0	0	1	0	0	
(гҖғв–ҪгҖғ)	False	False	3	1	1	0	0	0	0	1	0	0	0	0	0	1	0	0	
(гҖғв–ҝгҖғ)	False	False	1	0	0	0	0	0	0	0	1	0	0	0	0	1	0	0	
(гҖғгғ»Пүгғ»)	True	False	1	0	1	0	0	0	0	0	0	0	0	0	0	0	0	0	
(гҖғпјҫв–ҪпјҫгҖғ)	False	False	1	0	0	0	0	0	0	0	1	0	0	0	0	1	0	0	
(гҖғпҫҹ3пҫҹгҖғ)	False	False	3	0	0	0	0	1	1	1	0	0	0	0	0	3	0	0	
(гҖғпҝЈПүпҝЈгҖғ)	False	False	1	0	0	1	0	0	0	0	0	0	0	0	0	1	0	0	
(гғҺаІ зӣҠаІ )	True	False	1	0	1	0	0	0	0	0	0	0	0	0	0	0	0	0	
(гғҺв—•гғ®в—•)	True	False	34	0	30	0	4	0	0	0	0	0	0	0	0	0	0	0	
(гғҺгӮң-гӮң)	False	False	1	0	0	0	1	0	0	0	0	0	0	1	0	0	0	0	
(гғ»_гғ»)	True	False	174	13	4	3	0	11	17	16	92	18	10	8	3	79	0	0	
(гғ»_гғ»;)	True	False	124	10	0	0	0	0	17	2	31	64	0	38	0	0	1	0	
(гғ»_гғ»;?	False	False	1	0	0	0	0	0	0	0	0	1	0	1	0	0	0	0	
(гғ»_гғ»;?)	False	False	1	0	0	0	0	0	1	0	0	0	0	1	0	0	0	0	
(гғ»_гғ»?)	True	False	21	0	0	0	0	0	0	0	16	5	0	4	0	0	0	0	
(гғ»_гғ»гғҳ)	True	False	1	1	0	0	0	0	0	0	0	0	0	0	0	0	0	0	
(гғ»_гғ»гғҫ	True	False	11	2	0	0	0	0	1	0	3	5	0	7	0	0	0	0	
(гғ»_гғ»гғҫ)	False	False	1	0	0	0	0	0	0	0	0	1	0	1	0	0	0	0	
(гғ»`ПүВҙгғ»)	False	False	2	0	0	0	1	0	0	0	1	0	0	0	0	0	2	0	
(гғ»МҖПүгғ»МҒ	False	False	2	0	2	0	0	0	0	0	0	0	0	0	0	0	2	0	
(гғ»МҖПүгғ»МҒ)	False	False	65	12	2	5	10	2	5	4	19	6	8	5	0	49	0	0	
(гғ»МҖРҙгғ»МҒ)	False	False	2	0	0	0	0	2	0	0	0	0	1	0	0	0	0	0	
(гғ»МҖвҖҝгғ»МҒ)	True	False	97	10	10	11	6	12	11	7	19	11	1	10	22	62	0	0	
(гғ»МҖвҢ“гғ»МҒ)	False	False	1	0	0	0	0	1	0	0	0	0	0	0	0	0	0	0	
(гғ»МҖг…Ғгғ»МҒ)	False	False	2	0	0	0	0	1	0	0	0	1	0	0	0	2	0	0	
(гғ»МҒпёҝгғ»МҖ)	True	False	1	0	0	0	0	0	1	0	0	0	0	0	0	0	0	0	
(гғ»Пүгғ»)	True	False	31	2	0	1	0	0	0	0	28	0	0	9	0	0	0	0	
(гғ»Пүгғ»;)	False	False	1	0	0	0	0	0	1	0	0	0	0	1	0	0	0	0	
(гғ»Пүгғ»?)	True	False	1	0	0	0	0	0	0	0	1	0	0	0	0	0	0	0	
(гғ»Пүгғ»`)	False	False	1	0	1	0	0	0	0	0	0	0	0	0	0	0	1	0	
(гғ»Пүгғ»`)гӮқoвҳҶ	False	False	1	0	1	0	0	0	0	0	0	0	0	0	0	0	1	0	
(гғ»У©гғ»)	False	False	5	0	0	0	0	0	0	0	5	0	2	0	0	0	0	0	
(гғ»б·„вҢ“гғ»б·…)	False	False	1	0	0	0	0	0	1	0	0	0	0	0	0	0	0	0	
(гғ»вҖ•гғ»)	True	False	1	0	0	0	0	0	0	0	1	0	0	0	0	0	0	0	
(гғ»вҖҝгғ»)	True	False	57	2	0	9	24	0	0	0	19	3	0	3	0	46	0	0	
(гғ»вҲҖгғ»(гғ»вҲҖгғ»(гғ»вҲҖгғ»)	False	False	1	1	0	0	0	0	0	0	0	0	0	1	0	0	0	0	
(гғ»вҲҖгғ»)	True	False	22	2	0	0	0	0	1	0	19	0	0	13	0	0	0	0	
(гғ»вҢ„гғ»)	False	False	1	0	0	0	0	0	0	0	1	0	0	0	0	0	0	0	
(гғ»в–Ҫгғ»)	False	False	1	0	1	0	0	0	0	0	0	0	0	0	0	0	1	0	
(гғ»гғ»;гғҺ)	False	False	1	0	0	0	0	1	0	0	0	0	0	1	0	0	0	0	
(дәә*ВҙвҲҖ`)	False	False	1	0	1	0	0	0	0	0	0	0	1	0	0	0	0	0	
(дәә*ВҙвҲҮ	False	False	4	0	0	0	3	0	0	0	1	0	0	4	0	0	0	0	
(зҒ¬В°вҖҝВ°зҒ¬)	True	False	1	0	0	1	0	0	0	0	0	0	0	0	0	0	0	0	
(кҲҚвҖҝкҲҚвңЁ)	False	False	1	0	1	0	0	0	0	0	0	0	0	1	0	0	0	0	
(кҲҚвҖҝкҲҚпҝҪ	False	False	1	0	0	0	0	1	0	0	0	0	0	1	0	0	0	0	
(к’Ә_к’ӘЧ…)	False	False	1	0	0	0	0	1	0	0	0	0	0	1	0	0	0	0	
(к’Ә_к’Әвңҝ)	False	False	1	0	0	0	0	1	0	0	0	0	0	1	0	0	0	0	
(к’Әгғ®к’Ә)	False	False	1	0	1	0	0	0	0	0	0	0	0	1	0	0	0	0	
(к’ӘкҮҙк’Ә)	False	False	5	0	0	0	1	1	2	0	0	1	0	5	0	0	0	0	
(к’Әк’«	False	False	1	0	1	0	0	0	0	0	0	0	0	1	0	0	0	0	
(к’Әк’«к’Ә	False	False	1	0	0	0	0	0	1	0	0	0	0	1	0	0	0	0	
(лҲҲ_лҲҲ)	True	False	2	0	0	0	0	0	0	0	0	2	0	0	0	0	0	0	
(пёөгғ»Пүгғ»)	False	False	2	0	0	0	0	0	1	1	0	0	0	0	2	0	0	0	
(пёөгғ»Пүгғ»пёө)	False	False	1	0	0	0	0	0	1	0	0	0	0	0	1	0	0	0	
(пёөпёө)	False	False	3	0	0	0	0	0	2	1	0	0	0	0	3	0	0	0	
(пёөпё¶пёө)	False	False	2	0	0	0	0	0	0	2	0	0	0	0	2	0	0	0	
(пёөпёҝпёө)	False	False	2	0	0	0	0	0	0	2	0	0	0	0	2	0	0	0	
(пёөпҪЎгғ»МҒпёҝгғ»МҖпҝҪ	False	False	1	0	0	0	0	1	0	0	0	0	0	0	1	0	0	0	
(пё¶пёҝпё¶)	False	False	2	0	0	0	0	0	0	2	0	0	0	0	2	0	0	0	
(пёҫвҢҗвҖҝпёҫ)	False	False	1	0	0	0	0	1	0	0	0	0	0	0	1	0	0	0	
(пёҫпёҝпёҫ)	False	False	1	0	0	1	0	0	0	0	0	0	0	0	1	0	0	0	
(пёҝпёҝ)	False	False	50	0	0	2	0	27	6	15	0	0	0	0	50	0	0	0	
(п№Ҹ(._.)гҒЈ)	False	False	1	0	0	0	0	0	1	0	0	0	0	0	0	0	0	0	
(п№Ҹ-)	False	False	3	0	0	0	0	0	3	0	0	0	2	0	0	0	0	0	
(пј _пј ;)	True	False	1	0	0	0	0	0	1	0	0	0	0	0	0	0	0	0	
(пјҫ3пјҫ)	False	False	1	0	0	1	0	0	0	0	0	0	0	0	0	1	0	0	
(пјҫ_пјҚ)	False	False	1	1	0	0	0	0	0	0	0	0	0	0	0	1	0	0	
(пјҫ_пјҫ)	False	False	1	0	0	1	0	0	0	0	0	0	0	0	0	1	0	0	
(пјҫПүпјҫ)	False	False	1	1	0	0	0	0	0	0	0	0	0	0	0	1	0	0	
(пјҫвҖҝпјҫ)	False	False	81	17	10	6	18	0	3	2	11	14	0	0	0	81	0	0	
(пјҫвҲҮпјҫ)	False	False	6	0	1	1	2	0	0	0	0	2	0	0	0	6	0	0	
(пјҫв–Ҫпјҫ)	True	False	6	0	0	2	2	0	0	0	2	0	0	0	0	3	0	0	
(пјҫв–ҝпјҫ)	False	False	1	0	1	0	0	0	0	0	0	0	0	0	0	0	0	0	
(пјҫпҪӘпјҫ)	False	False	1	0	0	1	0	0	0	0	0	0	0	0	0	0	1	0	
(пҪҸвқҒгғ»вҖҝгғ»вқҒ)пҝҪ	False	False	1	0	1	0	0	0	0	0	0	0	0	0	0	0	1	0	
(пҪҸгғ»Пүгғ»)	False	False	3	0	0	1	1	0	0	0	1	0	0	0	0	0	3	0	
(пҪЎ-Пү-)	True	False	7	0	0	7	0	0	0	0	0	0	0	0	0	0	0	0	
(пҪЎ-ПүпҪЎ)	False	False	3	0	0	0	1	0	0	0	0	2	0	0	0	0	3	0	
(пҪЎ-вҖҝ-пҪЎ)	True	False	3	0	0	2	0	0	0	0	1	0	0	0	0	0	0	0	
(пҪЎ-вҲҖ-)	False	False	3	0	0	0	0	0	1	2	0	0	0	0	0	0	3	0	
(пҪЎ>вҖҝ<	False	False	1	0	0	0	1	0	0	0	0	0	0	1	0	0	0	0	
(пҪЎ>п№Ҹ<пҪЎ)	True	False	11	0	1	0	1	0	9	0	0	0	5	1	0	0	0	0	
(пҪЎ^вҖҝ^пҪЎ)	False	False	1	0	0	0	1	0	0	0	0	0	0	0	0	0	0	0	
(пҪЎВҙвҖҝ`пҪЎ)	True	False	1	0	0	1	0	0	0	0	0	0	0	0	0	0	0	0	
(пҪЎВҙв–Ҫ`пҪЎ)	False	False	2	0	0	1	1	0	0	0	0	0	1	0	0	0	0	0	
(пҪЎЛғбҶәЛӮпҪЎ)	False	False	2	0	2	0	0	0	0	0	0	0	2	0	0	0	0	0	
(пҪЎЛғвҖҝЛӮ)	True	False	52	4	25	3	20	0	0	0	0	0	23	0	0	0	0	0	
(пҪЎЛғвҖҝЛӮпҪЎ)	False	False	7	0	7	0	0	0	0	0	0	0	1	0	0	0	0	0	
(пҪЎЛҳ-ЛҳпҪЎ)	True	False	1	0	0	1	0	0	0	0	0	0	0	0	0	0	0	0	
(пҪЎЛҳВіЛҳ)	True	False	4	0	0	4	0	0	0	0	0	0	0	0	0	0	0	0	
(пҪЎЛҳПүЛҳпҪЎ)	True	False	4	0	0	4	0	0	0	0	0	0	0	0	0	0	0	0	
(пҪЎвҖҝвҖҝвҖҝпҪЎ)	False	False	36	0	0	36	0	0	0	0	0	0	18	0	0	0	0	0	
(пҪЎв•Ҝпёөв•°пҪЎ)	True	False	87	0	1	0	0	0	0	86	0	0	39	0	0	0	0	0	
(пҪЎв—•вҖҝвҖҝв—•пҪЎ)	True	False	4	1	3	0	0	0	0	0	0	0	2	0	0	0	0	0	
(пҪЎв—•вҖҝв—•пҪЎ)	True	False	171	18	1	32	32	0	0	0	88	0	87	0	0	0	0	0	
(пҪЎв—қвҖҝв—ң	False	False	1	0	0	0	1	0	0	0	0	0	0	1	0	0	0	0	
(пҪЎвҷЎвҖҝвҷЎпҪЎ)	False	False	2	0	1	0	1	0	0	0	0	0	1	0	0	0	0	0	
(пҪЎвҷҘвҖҝвҷҘпҪЎ)	True	False	198	17	18	76	82	0	0	0	5	0	99	7	0	0	0	0	
(пҪЎгғ»ЛҮвҖёЛҮгғ»пҪЎ)	False	False	3	0	0	0	0	2	0	1	0	0	2	0	0	0	1	0	
(пҪЎгғ»МҖвҖҝ-)	True	False	73	11	1	5	18	0	0	0	38	0	18	8	0	0	1	0	
(пҪЎгғ»МҖвҖҝ-)ЩҲ	False	False	1	0	0	0	1	0	0	0	0	0	0	0	0	0	1	0	
(пҪЎгғ»МҖвҖҝгғ»МҒпҪЎ)	False	False	4	0	0	0	0	0	0	0	4	0	0	0	0	0	0	0	
(пҪЎгғ»МҒвҖҝгғ»МҖпҪЎ)	True	False	10	1	0	1	1	0	2	3	2	0	5	0	0	0	0	0	
(пҪЎгғ»МҒпёөгғ»МҖпҪЎ)	True	False	2	0	0	0	0	0	1	1	0	0	0	0	1	0	0	0	
(пҪЎгғ»МҒпёҝгғ»МҖпҪЎ)	True	False	438	8	8	7	15	10	128	246	6	10	149	29	22	0	9	0	
(пҪЎгғ»Пүгғ»пҪЎ)	True	False	46	0	0	33	0	0	1	0	12	0	3	3	0	0	2	0	
(пҪЎгғ»вҖҝ-)	True	False	1	0	0	1	0	0	0	0	0	0	0	0	0	0	0	0	
(пҪЎгғ»вҖҝгғ»пҪЎ)	True	False	14	1	1	6	4	0	0	1	1	0	0	0	0	0	2	0	
(пҪЎгғ»вҲҖгғ»)пҪЎ'	False	False	1	0	0	0	0	0	0	1	0	0	0	0	0	0	1	0	
(пҪЎгғ»вҲҖгғ»)пҫүпҫһ	False	False	2	0	0	0	0	0	0	1	1	0	0	0	0	0	2	0	
(пҪЎгғ»г……гғ»пҪЎ)	False	False	6	0	0	5	0	0	1	0	0	0	5	0	0	0	0	0	
(пҫү>Пү<)	False	False	40	0	30	1	8	0	0	0	1	0	0	40	0	0	0	0	
(пҫү^_^)	False	False	4	1	0	1	2	0	0	0	0	0	0	0	0	0	4	0	
(пҫүВҙ-`пҫү)	False	False	1	0	0	0	0	1	0	0	0	0	0	0	1	0	0	0	
(пҫүВҙ_Вҙ)	False	False	2	0	0	0	0	0	0	2	0	0	0	0	2	0	0	0	
(пҫүВҙПү`пҫү)	False	False	4	0	0	0	0	3	1	0	0	0	0	0	4	0	0	0	
(пҫүВҙР·`)	False	False	1	0	1	0	0	0	0	0	0	0	0	1	0	0	0	0	
(пҫүВҙвҲҪ`)	True	False	1	0	0	0	1	0	0	0	0	0	0	0	0	0	0	0	
(пҫүВҙгғ®`)	False	False	1	1	0	0	0	0	0	0	0	0	0	0	0	1	0	0	
(пҫүВҙгғ»Пүгғ»)	False	False	3	0	0	0	0	0	1	2	0	0	0	0	3	0	0	0	
(пҫүВҙгғ»Пүгғ»`)	False	False	22	1	0	0	0	14	7	0	0	0	0	0	22	0	0	0	
(пҫүВҙпҫү)	False	False	2	0	0	0	0	2	0	0	0	0	0	0	2	0	0	0	
(пҫүВҙпҫҹРҙпҫҹ)	False	False	1	0	1	0	0	0	0	0	0	0	0	0	0	1	0	0	
(пҫүв—•вҖҝв—•	False	False	1	0	0	0	0	0	1	0	0	0	0	1	0	0	0	0	
(пҫүв—•гғ®в—•	False	False	1	0	1	0	0	0	0	0	0	0	0	1	0	0	0	0	
(пҫүв—•гғ®в—•)	True	False	636	83	175	34	76	69	50	41	42	66	20	48	552	9	0	0	
(пҫүпҫһпҫүпҫҹ)	False	False	1	0	0	0	0	0	1	0	0	0	0	0	1	0	0	0	
(пҫҹ`РҙВҙпҫҹ)	False	False	1	0	0	0	1	0	0	0	0	0	0	0	0	0	1	0	
(пҫҹoпҫҹ)	False	False	2	0	2	0	0	0	0	0	0	0	0	0	0	0	0	0	
(пҫҹПүпҫҹ)	False	False	1	0	0	1	0	0	0	0	0	0	0	0	0	1	0	0	
(пҫҹРҙпҫҹ)	False	False	37	3	4	1	2	11	9	3	2	2	1	0	0	34	0	0	
(пҫҹвҖҝпҫҹ)	False	False	5	1	1	2	0	0	0	0	1	0	0	0	0	5	0	0	
(пҫҹвҲҖпҫҹ)	False	False	19	6	3	2	0	0	1	1	2	4	1	0	1	15	0	0	
(пҫҹвҲҮпҫҹ)	False	False	4	0	3	0	1	0	0	0	0	0	0	0	0	0	4	0	
(пҫҹв–Ҫпҫҹ)	False	False	10	0	5	0	5	0	0	0	0	0	1	0	0	0	0	0	
(пҫҹв—•_в—•)	False	False	3	2	0	0	0	0	0	0	0	1	0	0	0	3	0	0	
(пҫҹв—•вҖҝпҫҹ)	False	False	5	1	0	0	0	0	1	0	0	3	0	0	0	5	0	0	
(пҫҹвҳүпҫҹ)	False	False	1	0	0	0	0	1	0	0	0	0	0	0	0	1	0	0	
(пҫҹгғҳпҫҹ)	False	False	3	0	0	0	0	1	2	0	0	0	0	0	0	3	0	0	
(пҫҹгғ®пҫҹ)	False	False	2	0	0	0	1	1	0	0	0	0	0	0	0	2	0	0	
(пҫҹп№Ҹпҫҹ)	False	False	3	0	0	0	0	0	0	3	0	0	0	0	0	0	3	0	
(пҫҹпҪ°пҫҹ)	True	False	6	0	0	0	0	0	2	3	1	0	0	0	5	0	0	0	
(пҫҹпҫӣпҫҹ)	False	False	1	0	0	0	0	0	0	1	0	0	0	0	1	0	0	0	
(пҝў_пҝў)	False	False	6	0	0	0	0	0	0	0	0	6	4	0	0	0	0	0	
(пҝЈ^пҝЈ)	False	False	3	0	0	3	0	0	0	0	0	0	0	0	3	0	0	0	
(пҝЈ_пҝЈ)	False	False	11	1	0	0	2	2	0	1	0	5	0	0	11	0	0	0	
(пҝЈ_пҝЈ;)	False	False	5	0	0	0	0	0	5	0	0	0	0	0	5	0	0	0	
(пҝЈОөпҝЈ)	False	False	1	1	0	0	0	0	0	0	0	0	0	0	1	0	0	0	
(пҝЈОөпҝЈ;)	False	False	1	0	0	1	0	0	0	0	0	0	0	0	1	0	0	0	
(пҝЈПүпҝЈ)	False	False	2	0	0	2	0	0	0	0	0	0	0	0	2	0	0	0	
(пҝЈПүпҝЈ;)	True	False	14	0	0	2	1	1	4	3	0	3	0	0	13	0	0	0	
(пҝЈвҲҮпҝЈ)	False	False	30	4	0	6	6	0	0	1	11	2	0	0	30	0	0	0	
(пҝЈвҲҮпҝЈ;)	False	False	13	2	1	1	4	0	0	1	2	2	0	0	13	0	0	0	
(пҝЈв–ҪпҝЈ)	False	False	140	23	13	19	29	2	2	10	23	19	0	4	135	0	1	0	
(пҝЈв–ҪпҝЈ;)	False	False	13	1	2	0	0	0	4	4	0	2	0	0	13	0	0	0	
(пҝЈгғҳпҝЈ)	True	False	1	0	0	0	0	0	0	0	1	0	0	0	0	0	0	0	
(пҝЈпёһпҝЈ)	False	False	1	1	0	0	0	0	0	0	0	0	0	0	1	0	0	0	
(пҝЈпё¶пҝЈ)	False	False	10	4	0	0	0	1	0	2	1	2	0	0	10	0	0	0	
(пҝЈпёҝпҝЈ)	False	False	8	3	0	0	0	0	1	1	1	2	0	0	8	0	0	0	
(пҝЈп№ғпҝЈ)	False	False	2	0	0	0	0	1	0	1	0	0	0	0	2	0	0	0	
(пҝЈп№үпҝЈ)	False	False	1	0	0	0	0	0	0	0	0	1	0	0	1	0	0	0	
(пҝЈп№ҸпҝЈ)	False	False	11	0	0	0	1	3	2	1	0	4	0	0	11	0	0	0	
(пҝЈп№’пҝЈ)	False	False	1	0	0	0	0	0	0	0	0	1	0	0	1	0	0	0	
(пҝЈпҝўпҝў)	False	False	1	0	0	0	0	0	1	0	0	0	0	0	1	0	0	0	
(пҝЈпҝЈ)	False	False	8	0	1	0	0	0	3	2	1	1	0	0	8	0	0	0	
(пҝЈпҝЈ;вңҝ)	False	False	1	0	0	0	0	0	1	0	0	0	0	0	1	0	0	0	
(пҝЈпҝЈ;пҝЈпҝЈ)	False	False	1	0	0	0	0	0	0	1	0	0	0	0	1	0	0	0	
(пҝҪsad)	False	False	1	0	0	0	0	0	0	1	0	0	0	0	0	0	1	0	
(пҝҪГі_ГҒвҮӮ)	False	False	1	0	0	0	0	0	1	0	0	0	0	0	0	0	1	0	
