first_word	count	n_projects	sample_projects
(а№‘гғ»МҖг…Ӯгғ»МҒ)	40	10	Work,a9lim.github.io,claude.ai
(вңҝв— вҖҝв— )	29	10	Work,a9lim.github.io,aurora
(в—•Пүв—•)	27	4	claude.ai,llmoji,llmoji-study
(аёҮгғ»МҖ_гғ»МҒ)	24	8	Work,a9lim.github.io,kenoma
(в—•в–Ҫв—•)	20	1	llmoji-study
(пҝЈв–ҪпҝЈ)	19	6	Work,a9lim.github.io,claude.ai
(вҢҗв– _в– )	18	5	Work,a9lim.github.io,claude.ai
(вң§Пүвң§)	15	5	Work,a9lim.github.io,claude.ai
(гғ»МҖПүгғ»МҒ)	14	7	claude.ai,kenoma,llmoji
(пҝЈгғјпҝЈ)	13	4	a9lim,a9lim.github.io,llmoji
(пјҫвҲҮпјҫ)	12	5	a9lim.github.io,claude.ai,llmoji
(=^гғ»Пүгғ»^=)	12	5	a9lim,a9lim.github.io,brie
(пҝЈПүпҝЈ)	9	5	Work,llmoji,llmoji-study
(вҠҷ_вҠҷ)	9	5	a9lim.github.io,claude.ai,llmoji
(в—•вҖҝв—•вңЁ)	9	1	llmoji-study
(Вҙгғ»вҖҝгғ»`)	8	3	a9lim.github.io,llmoji,llmoji-study
(Лҳгғ»_гғ»Лҳ)	8	3	claude.ai,llmoji-study,rlaif
(;пҝЈРҙпҝЈ)	8	2	a9lim.github.io,llmoji-study
(Л¶бө”вҖҝбө”Л¶)	7	5	brie,claude.ai,faithful
(в—ңвҖҝв—қ)	7	4	brie,claude.ai,hylic
(в•ӯаІ°_гғ»МҒ)	6	3	llmoji,llmoji-study,saklas
(бө”бҙҘбө”)	6	2	Work,rlaif
(вҠҷвҖҝвҠҷ)	6	3	Work,claude.ai,saklas
(ЛғвҖҝЛӮ)	6	4	a9lim.github.io,claude.ai,faithful
(пҝЈ~пҝЈ;)	6	3	kenoma,llmoji-study,saklas
(Вҙгғј`)	5	3	claude.ai,hylic,saklas
(пҫҹв–Ҫпҫҹ)	5	4	Work,kenoma,llmoji-study
(гғ»МҖг…Ӯгғ»МҒ)	5	3	kenoma,llmoji-study,rlaif
(ВҙПү`	5	2	a9lim.github.io,llmoji-study
(>вҖҝ<)	5	2	claude.ai,llmoji-study
(в—•Пүв—•вңЁ)	5	1	llmoji-study
(аёҮбө’МҢзҡҝбө’МҢ)	4	2	rlaif,tasty-bot
(Л¶ЛҶб—ңЛҶЛө)	4	3	brie,claude.ai,rlaif
пјј(^	4	3	a9lim.github.io,geon,rlaif
(ВҙвҲҖ`;)	4	4	claude.ai,llmdriven,llmoji
(в•Ҝвң§вҲҮвң§)	4	2	llmoji-study,saklas
(гғ»Пүгғ»`)	4	4	claude.ai,kenoma,llmoji
(гғ»МҒвҢ“гғ»МҖ)	4	3	brie,llmoji-study,saklas
(в— вҖҝв— вңҝ)	4	3	faithful,llmoji,llmoji-study
(В°гғ®В°)	4	3	claude.ai,kenoma,llmoji-study
(Вҙгғ»Пүгғ»)	4	4	a9lim,claude.ai,llmoji-study
(пҪЎгғ»МҖвҖҝгғ»МҒпҪЎ)	4	2	claude.ai,llmoji-study
(в•№Пүв•№)	4	3	claude.ai,geon,saklas
(Л¶ЛғвҖҝЛӮЛ¶)	4	2	llmoji-study,rlaif
(пҝЈ^пҝЈгӮһ	4	1	llmoji-study
(гғ»МҖПүгғ»МҒ	4	1	claude.ai
(/в–Ҫпјј)	3	2	llmoji-study,shoals
(гғ»МҖвҖҝ-)	3	2	llmoji,llmoji-study
(пҫүПүпҫү)	3	2	kenoma,llmoji
(пҪЎВҙк’і`пҪЎ)	3	2	faithful,llmoji-study
(гғ»п№Ҹгғ»)	3	2	Work,llmoji-study
(гғ»Оөгғ»)	3	2	claudedriven,saklas
(в—•гғ®в—•)	3	3	Work,a9lim.github.io,rlaif
(пҪЎв•№Пүв•№пҪЎ)	3	2	brie,rlaif
(В°в–ЎВ°)	3	2	shoals,tasty-bot
(ТӮвҖҝ_вҖҝ)	3	2	llmoji-study,verify
К•гҒЈгғ»бҙҘгғ»К”	3	3	Work,brie,talkie-interface
(вҠҷПүвҠҷ)	3	1	llmoji-study
(бө”вҖҝбө”)	2	1	saklas
(Лҳв–ҪЛҳ)	2	2	claude.ai,saklas
(вҳһпҫҹгғ®пҫҹ)	2	2	Work,saklas
(аё…МҒЛҳаё…МҖ)	2	2	llmoji,saklas
(гғ»Пү<)	2	2	rlaif,saklas
(вҠҷгғ®вҠҷ)	2	2	claude.ai,llmoji
(>Пү<)	2	2	kenoma,llmoji-study
(в”ҖвҖҝвҖҝв”Җ)	2	2	claude.ai,kenoma
(аёҮгғ»МҖПүгғ»МҒ)	2	2	llmoji,llmoji-study
(ВҙпҪ°`)	2	2	llmoji,llmoji-study
(гғ»	2	1	llmoji
(аёҮгғ»МҖб—ңгғ»МҒ)	2	1	llmoji-study
(ВҙВ°ПүВ°`)	2	1	brie
(пҫҹгғјпҫҹ)	2	1	llmoji
(Лҳпё¶Лҳ)	2	1	llmoji
(=вҢ’вҖҝвҖҝвҢ’=)	2	1	saklas
(вҠЎ-вҠЎ)ЩҲ	2	1	saklas
(вү§ПүвүҰ)	2	1	rlaif
(	2	1	rlaif
(гғ»МҒпёөгғ»МҖ)	2	1	saklas
(ВҙРҙ`;)	2	1	llmoji-study
(гғ»МҖг…Ғгғ»МҒ;)	2	1	saklas
(гғ»вҲҖгғ»;)	2	1	llmoji-study
(в—•в–ҝв—•вңҝ)	2	1	saklas
(гғ»вҖҫвҖҝвҖҫгғ»)	2	1	saklas
(вҖҝНҲЛ¬вҖҝНҲ)	2	1	llmoji-study
(;Пү;)	2	1	a9lim.github.io
(аӯ§гғ»МҖвҖҝ-)	2	1	tasty-bot
(в—Ј_в—ў)	2	1	tasty-bot
(>вҖҝв—•)	2	1	llmoji-study
(>вҖҝв—•вңЁ)	2	1	llmoji-study
(гғ»МҖвҢ„гғ»МҒ)	2	1	tasty-bot
(Вҙ;_;`)	2	1	llmoji-study
(Л¶в—•вҖҝв—•Л¶)	2	1	tasty-bot
(гғ»М…_гғ»М…)	2	1	llmoji-study
(гғ»МҖвҖҝгғ»МҒ;)	2	1	llmoji-study
(вҳ…вҖҝвҳ…)	2	1	llmoji-study
(=^вҖҝ^=)	2	1	llmoji-study
(В°_В°)	2	1	llmoji-study
(гғ»МҒвҖёгғ»МҖ)	2	1	llmoji-study
(ВҙЛҳ`вҲ—)	2	1	llmoji-study
вң§*пҪЎЩ©(ЛҠб—ңЛӢ*)ЩҲвң§*пҪЎ	2	1	llmoji-study
(гғ»пҪӘгғ»)	2	1	llmoji-study
(В°г…ӮВ°;)	2	1	llmoji-study
(`гғ»вҲҖгғ»Вҙ)	2	1	llmoji-study
(;пҝЈв–ЎпҝЈ)	2	1	llmoji-study
(В°в—ҮВ°;)	2	1	llmoji-study
(В°п№ҸВ°)	2	1	llmoji-study
(п№’пё вҖҝп№’пёЎ)	2	1	Work
(гғ»пёөгғ»)	2	1	llmoji-study
(В°г…ӮВ°)	2	1	llmoji-study
(В°в—ҮВ°)	2	1	llmoji-study
(в—•Пүв—•вңҝ)	2	1	llmoji
(пҫҹгғ®пҫҹ)	2	1	claude.ai
(пҝЈгғјпҝЈ;)	2	1	claude.ai
(пҪЎгғ»МҒвҢ’гғ»МҖпҪЎ)	2	1	claude.ai
(гғјгғј;)	2	1	claude.ai
(-_-;)	2	1	claude.ai
(..)	2	1	claude.ai
(пҝЈв–ҪпҝЈ;)	2	1	claude.ai
(гӮңвҲҮгӮң)	2	1	claude.ai
(гӮҡгғҡ)	2	1	claude.ai
(вҒ„вҒ„гғ»вҒ„ПүвҒ„гғ»вҒ„вҒ„)	2	1	claude.ai
(вҖһвҖҝвҖҝвҖҝвҖһ)	2	1	claude.ai
(ЛҠб—ңЛӢ*)ЩҲ	2	1	claude.ai
(вҢҗв– _Пүв– )	1	1	saklas
(^	1	1	saklas
(вҢҗв– вҖҝв– )	1	1	saklas
(гғ»_гғ»гӮһвҲ’вҳҶ	1	1	saklas
(аІ вҖҝаІ )	1	1	saklas
(в•ӯвҳһгғ»МҒвҚӣгғ»МҖ)	1	1	saklas
(В°в–іВ°)	1	1	saklas
(Вҙ_гӮқ`)	1	1	saklas
(;дёҖ_дёҖ)	1	1	saklas
(пјҫгғ»Пүгғ»пјҫ)	1	1	saklas
(В°гғјВ°гҖғ)	1	1	saklas
(._.)	1	1	saklas
(вҖһгғ»ЦҠгғ»вҖһ)	1	1	saklas
(Вҙк’і`)	1	1	saklas
(аёҮгғ»_гғ»)	1	1	rlaif
(М„в–ҪМ„)	1	1	tasty-bot
(б—’б—Ёб—•)	1	1	saklas
(аІ _аІ )	1	1	kenoma
(в•№гғ®в•№)	1	1	hylic
(;вҖІвҢ’`)	1	1	hylic
(;гҒё:)	1	1	a9lim.github.io
(вҷЎ^в–Ҫ^вҷЎ)	1	1	shoals
(пҪЎгғ»	1	1	llmoji
(Лөгғ»МҖвҖҝ-Лө)	1	1	llmoji
(пҫҹПүпҫҹ)	1	1	llmoji
(пҪЎгғ»МҒПүгғ»МҖпҪЎ)	1	1	llmoji
(в—ӢВҙвҲҖ`в—Ӣ)	1	1	llmoji
(Вҙв—•Пүв—•`)	1	1	llmoji
(пҝЈпҝЈ)	1	1	saklas
(=`ПүВҙ=)	1	1	faithful
(гғ»Пүгғ»пҫү	1	1	kenoma
(аёҮгғ„)	1	1	saklas
(=^гғ»пҪӘгғ»^=)	1	1	rlaif
(Вҙ	1	1	kenoma
(ЛҠб—ңЛӢ)	1	1	saklas
(гғ»в©Ҡгғ»)	1	1	claudedriven
(Вҙгғҳ`;)	1	1	Work
(вңҰвҖҝвңҰ)	1	1	llmoji-study
(пҪЎ>вҖҝ<пҪЎ)	1	1	llmoji-study
(вңҝгғ»МҖг…Ғгғ»МҒ)	1	1	llmoji-study
((вҠӮ(`ПүВҙвҲ©)	1	1	llmoji
((вңҝв—•вҖҝв—•))	1	1	llmoji
(ВҙвҲҮ`)	1	1	a9lim.github.io
(пҪЎв—•в—•пҪЎ)	1	1	llmoji
(в— вҖҝгғ»)	1	1	llmoji
К• гғ»бҙҘгғ»К”	1	1	a9lim.github.io
(в—һвҖёв—ҹгҶҖ)	1	1	rlaif
(в•№гӮ§в•№)	1	1	rlaif
(пјҫ	1	1	saklas
(гғ»Пүгғ»Вҙ)	1	1	claudedriven
(гғ»Пүгғ»;)	1	1	rlaif
(;В¬_В¬)	1	1	saklas
(лҲҲвҖёлҲҲ)	1	1	saklas
(в—һвҖёв—ҹ;)	1	1	talkie-interface
(пҪЎ-_-пҪЎ)	1	1	a9lim.github.io
(в•ӯвҳһгғ»МҖ	1	1	v3
(`вҲҖВҙ)	1	1	llmoji-study
(;ВҙРҙ`пҪҝ)	1	1	llmoji-study
аІ вҖҝаІ 	1	1	saklas
(вҮҖвҖёвҶјвҖ¶)	1	1	a9lim.github.io
(а№‘гғ»МҖвҢ„гғ»МҒа№‘)а«ӯ	1	1	saklas
4/4	1	1	a9lim.github.io
7/7	1	1	saklas
83	1	1	hylic
(гғ»МҒПүгғ»МҖ)	1	1	tasty-bot
(Лҷв—ҒЛҷ)	1	1	tasty-bot
(пҝЈОөпҝЈ)	1	1	llmoji-study
(пҝў_пҝў)	1	1	a9lim.github.io
(гғ»МҖ_гғ»МҒ)	1	1	llmoji
(в—Ӣ_в—Ӣ)	1	1	brie
(в—•.в—•)	1	1	brie
(Вҙв—•вҖҝв—•`)	1	1	brie
(в—һвҖҝв—ҹ)	1	1	llmoji-study
(в—•Пүв—•вңЁрҹҢё)	1	1	llmoji-study
(пҪЎ-`ПүВҙ-)	1	1	llmoji
вҠҷп№ҸвҠҷ	1	1	llmoji-study
(в•Ҝвң§в–Ҫвң§)	1	1	llmoji-study
(Лҳгғ»Пүгғ»Лҳ)	1	1	claude.ai
(Лҷв–ҝЛҷ)	1	1	claude.ai
(пҝЈпҝЈ|||)	1	1	claude.ai
(в–°ЛҳвҖҝЛҳв–°)	1	1	claude.ai
(;вҢ’_вҢ’)	1	1	claude.ai
вҠҷ_вҠҷ	1	1	claude.ai
(гғ»Пүгғ»`)o	1	1	claude.ai
(в•Ҝв–Ҫв•°)	1	1	claude.ai
(ВҙвҠҷПүвҠҷ`)	1	1	claude.ai
(ВҙОө`;)	1	1	claude.ai
(гғ»oгғ»)	1	1	claude.ai
(вү§в–ҪвүҰ*)o	1	1	claude.ai
В¬вҖҝВ¬	1	1	claude.ai
(к’ӘаҪ«к’Ә;)	1	1	claude.ai
(ЛҳНҲвҖҝЛҳНҲ)	1	1	claude.ai
(в—һв—ҹгҶҖ)	1	1	claude.ai
(Л¶ЛғвҖҝЛӮЛ¶;)	1	1	claude.ai
(пҪЎвҷЎвҖҝвҷЎпҪЎ)	1	1	claude.ai
